,id,name,artists,duration_ms,release_date,year,popularity,explicit,acousticness,danceability,energy,instrumentalness,liveness,loudness,speechiness,tempo,valence,mode,key
0,2kJRlOyrxsy7Ot3c5TZ8Q6,Meu Peda√ßo de Pecado,Jo√£o Gomes,157175,2021-06-01,2021,0,False,0.369,0.668,0.887,1.39e-06,0.257,-4.404,0.0564,151.92,0.907,0,11
1,2QjOHCTQ1Jl3zawyYOpxh6,Sweater Weather,The Neighbourhood,240400,2013-04-22,2013,90,False,0.0495,0.612,0.807,0.0177,0.101,-2.81,0.0336,124.053,0.398,1,10
2,0VjIjW4GlUZAMYd2vXMi3b,Blinding Lights,The Weeknd,200040,2020-03-20,2020,88,False,0.00143,0.513,0.73,9.54e-05,0.0897,-5.94,0.0598,171.001,0.334,1,1
3,7qEHsqek33rTcFNT9PFqLf,Someone You Loved,Lewis Capaldi,182160,2019-05-17,2019,86,False,0.751,0.501,0.405,0.0,0.105,-5.679,0.0319,109.891,0.446,1,1
4,5CZ40GBx1sQ9agT82CLQCT,traitor,Olivia Rodrigo,229226,2021-05-21,2021,83,False,0.691,0.38,0.339,0.0,0.12,-7.885,0.0338,100.607,0.0849,1,3
5,6Uj1ctrBOjOas8xZXGqKk4,Woman,Doja Cat,172626,2021-06-25,2021,82,True,0.0888,0.824,0.764,0.00294,0.117,-4.175,0.0854,107.998,0.881,0,5
6,6UelLqGlWMcVH1E5c4H7lY,Watermelon Sugar,Harry Styles,174000,2019-12-13,2019,82,False,0.122,0.548,0.816,0.0,0.335,-4.209,0.0465,95.39,0.557,1,0
7,5QO79kh1waicV47BqGRL3g,Save Your Tears,The Weeknd,215626,2020-03-20,2020,84,True,0.0212,0.679,0.825,1.21e-05,0.543,-5.487,0.0309,118.049,0.644,1,0
8,3Wrjm47oTz2sjIgck11l5e,Beggin',M√•neskin,211560,2017-12-08,2017,82,False,0.127,0.714,0.8,0.0,0.359,-4.808,0.0504,134.002,0.589,0,11
9,4RVwu0g32PAqgUiJoXsdF8,Happier Than Ever,Billie Eilish,298899,2021-07-30,2021,81,True,0.767,0.332,0.225,0.00349,0.128,-8.697,0.0348,81.055,0.297,1,0
10,6HU7h9RYOaPRFeh0R3UeAr,deja vu,Olivia Rodrigo,215506,2021-05-21,2021,83,True,0.584,0.442,0.612,5.7e-06,0.37,-7.222,0.112,180.917,0.178,1,2
11,1Fid2jjqsHViMX6xNH70hE,Atlantis,Seafret,229173,2016-01-29,2016,81,False,0.0529,0.4,0.479,2.14e-06,0.115,-7.989,0.0308,166.159,0.213,0,8
12,3PfIrDoz19wz7qK7tYeu62,Don't Start Now,Dua Lipa,183290,2020-03-27,2020,81,False,0.0123,0.793,0.793,0.0,0.0951,-4.521,0.083,123.95,0.679,0,11
13,4pt5fDVTg5GhEvEtlz9dKk,I WANNA BE YOUR SLAVE,M√•neskin,173346,2021-03-19,2021,81,True,0.00165,0.75,0.608,0.0,0.178,-4.008,0.0387,132.507,0.958,1,1
14,6tDDoYIxWvMLTdKpjFkc1B,telepat√≠a,Kali Uchis,160191,2020-12-04,2020,81,False,0.112,0.653,0.524,0.0,0.203,-9.016,0.0502,83.97,0.553,0,11
15,60ynsPSSKe6O3sfwRnIBRf,Streets,Doja Cat,226986,2019-11-07,2019,81,True,0.21,0.749,0.463,0.0382,0.338,-8.433,0.0842,90.035,0.189,1,11
16,5wANPM4fQCJwkGd4rN57mH,drivers license,Olivia Rodrigo,242013,2021-05-21,2021,82,True,0.768,0.561,0.431,1.42e-05,0.106,-8.81,0.0578,143.875,0.137,1,10
17,4jPy3l0RUwlUI9T5XHBW2m,Mood (feat. iann dior),"24kGoldn, iann dior",140533,2021-03-26,2021,80,True,0.174,0.701,0.716,0.0,0.324,-3.671,0.0361,91.007,0.732,0,7
18,3rmo8F54jFF8OgYsqTxm5d,Bad Habits,Ed Sheeran,230746,2021-10-25,2021,79,False,0.0451,0.807,0.893,2.79e-05,0.366,-3.745,0.0347,126.011,0.537,0,11
19,5enxwA8aAbwZbf5qCHORXi,All Too Well (10 Minute Version) (Taylor's Version) (From The Vault),Taylor Swift,613026,2021-11-12,2021,79,True,0.274,0.631,0.518,0.0,0.088,-8.771,0.0303,93.023,0.205,1,0
20,3FAJ6O0NOHQV8Mc5Ri6ENp,Heartbreak Anniversary,Giveon,198370,2020-03-27,2020,79,False,0.524,0.449,0.465,1.02e-06,0.303,-8.964,0.0791,89.087,0.543,1,0
21,5nujrmhLynf4yMoMtj8AQF,Levitating (feat. DaBaby),"Dua Lipa, DaBaby",203064,2020-03-27,2020,78,False,0.00883,0.702,0.825,0.0,0.0674,-3.787,0.0601,102.977,0.915,0,6
22,4iJyoBOLtHqaGxP12qzhQI,Peaches (feat. Daniel Caesar & Giveon),"Justin Bieber, Daniel Caesar, Giveon",198081,2021-03-19,2021,78,True,0.321,0.677,0.696,0.0,0.42,-6.181,0.119,90.03,0.464,1,0
23,35mvY5S1H3J2QZyna3TFe0,positions,Ariana Grande,172324,2020-10-30,2020,78,True,0.468,0.737,0.802,0.0,0.0931,-4.771,0.0878,144.015,0.682,1,0
24,3DarAbFujv6eYNliUTyqtz,Kiss Me More (feat. SZA),"Doja Cat, SZA",208666,2021-06-25,2021,80,True,0.259,0.764,0.705,8.92e-05,0.12,-3.463,0.0284,110.97,0.781,1,8
25,18vXApRmJSgQ6wG2ll9AOg,RAPSTAR,Polo G,165925,2021-06-11,2021,78,True,0.41,0.789,0.536,0.0,0.129,-6.862,0.242,81.039,0.437,1,6
26,4ZtFanR9U6ndgddUvNcjcG,good 4 u,Olivia Rodrigo,178146,2021-05-21,2021,82,True,0.335,0.563,0.664,0.0,0.0849,-5.044,0.154,166.928,0.688,1,9
27,0gplL1WMoJ6iYaPgMCL0gX,Easy On Me,Adele,224694,2021-10-14,2021,77,False,0.578,0.604,0.366,0.0,0.133,-7.519,0.0282,141.981,0.13,1,5
28,1SC5rEoYDGUK4NfG82494W,MONTERO (Call Me By Your Name),Lil Nas X,137704,2021-09-17,2021,76,True,0.293,0.593,0.503,0.0,0.405,-6.725,0.22,178.781,0.71,0,8
29,4cG7HUWYHBV6R6tHn1gxrl,Friday (feat. Mufasa & Hypeman) - Dopamine Re-Edit,"Riton, Nightcrawlers, Mufasa & Hypeman, Mufasa, Dopamine",169153,2021-01-15,2021,76,False,0.0076,0.824,0.862,0.000132,0.303,-3.424,0.126,122.98,0.801,1,2
30,4MzXwWMhyBbmu6hOcLVD49,D√ÅKITI,"Bad Bunny, JHAYCO",205090,2020-11-27,2020,75,True,0.401,0.731,0.573,5.22e-05,0.113,-10.059,0.0544,109.928,0.145,0,4
31,3Vi5XqYrmQgOYBajMWSvCi,Need to Know,Doja Cat,210560,2021-06-25,2021,75,True,0.304,0.664,0.609,0.0,0.0926,-6.509,0.0707,130.041,0.194,1,1
32,2BcMwX1MPV6ZHP4tUT9uq6,Knife Talk (with 21 Savage ft. Project Pat),"Drake, 21 Savage, Project Pat",242965,2021-09-03,2021,74,True,0.0635,0.849,0.424,0.0,0.0834,-9.579,0.324,145.887,0.153,0,5
33,3J8EOeKLTLXORtWPpOU5bE,Calling My Phone,"Lil Tjay, 6LACK",205458,2021-04-02,2021,74,True,0.451,0.907,0.393,1.35e-06,0.135,-7.636,0.0539,104.949,0.202,0,4
34,5B0kgjHULYJhAQkK5XsMoC,WUSYANAME (feat. Youngboy Never Broke Again & Ty Dolla $ign),"Tyler, The Creator, YoungBoy Never Broke Again, Ty Dolla $ign",121572,2021-06-25,2021,74,True,0.269,0.493,0.653,0.0,0.511,-5.666,0.0466,142.347,0.852,0,0
35,6Im9k8u9iIzKMrmV7BWtlF,34+35,Ariana Grande,173710,2020-10-30,2020,74,True,0.237,0.83,0.585,0.0,0.248,-6.476,0.094,109.978,0.485,1,0
36,3YJJjQPAbDT7mGpX3WtQ9A,Good Days,SZA,279204,2020-12-25,2020,73,True,0.499,0.436,0.655,8.1e-06,0.688,-8.37,0.0583,121.002,0.412,0,1
37,65OVbaJR5O1RmwOQx0875b,Wants and Needs (feat. Lil Baby),"Drake, Lil Baby",192956,2021-03-05,2021,73,True,0.0618,0.578,0.449,2.17e-06,0.119,-6.349,0.286,136.006,0.1,1,1
38,2JPLbjOn0wPCngEot2STUS,Yonaguni,Bad Bunny,206710,2021-06-04,2021,75,True,0.276,0.644,0.648,0.0,0.135,-4.601,0.118,179.951,0.44,1,1
39,4fouWK6XVHhzl78KzQ1UjL,abcdefu,GAYLE,168601,2021-08-13,2021,72,True,0.299,0.695,0.54,0.0,0.367,-5.692,0.0493,121.932,0.415,1,4
40,6f3Slt0GbA2bPZlz0aIFXN,The Business,Ti√´sto,164000,2020-09-16,2020,72,False,0.414,0.798,0.62,0.0192,0.112,-7.079,0.232,120.031,0.235,0,8
41,1D3z6HTiQsNmZxjl7F7eoG,m y . l i f e (with 21 Savage & Morray),"J. Cole, 21 Savage, Morray",218801,2021-05-14,2021,72,True,0.0622,0.597,0.587,0.0,0.214,-7.026,0.137,140.021,0.0753,0,7
42,5Z9KJZvQzH6PFmb8SNkxuk,INDUSTRY BABY (feat. Jack Harlow),"Lil Nas X, Jack Harlow",212352,2021-09-17,2021,72,True,0.0221,0.741,0.691,0.0,0.0476,-7.395,0.0672,150.087,0.892,0,10
43,07MDkzWARZaLEdKxo6yArG,Meet Me At Our Spot,"THE ANXIETY, WILLOW, Tyler Cole",162680,2020-03-13,2020,71,True,0.0153,0.773,0.47,0.000193,0.0851,-7.93,0.0299,94.995,0.399,1,2
44,2XIc1pqjXV3Cr2BQUGNBck,LA NOCHE DE ANOCHE,"Bad Bunny, ROSAL√çA",203200,2020-11-27,2020,74,False,0.0303,0.856,0.618,0.0,0.0866,-4.892,0.286,81.993,0.391,1,7
45,3IsTYAUWhdQgqEV35GlJYB,Eu n√£o sou de me entregar,Ferrugem,187053,2020-11-27,2020,71,False,0.388,0.634,0.627,0.0,0.328,-6.804,0.0321,145.821,0.759,0,11
46,1xK1Gg9SxG8fy2Ya373oqb,Bandido,"Myke Towers, Juhn",232853,2020-12-10,2020,70,False,0.122,0.713,0.617,0.0,0.0962,-4.637,0.0887,168.021,0.682,1,8
47,6D2TCm4nf5nxAcdGJ7w3QP,Qu√© M√°s Pues?,"J Balvin, Maria Becerra",217360,2021-09-10,2021,70,False,0.0272,0.903,0.817,0.000311,0.242,-3.972,0.095,102.014,0.732,1,8
48,3Ofmpyhv5UAQ70mENzB277,Astronaut In The Ocean,Masked Wolf,132780,2021-01-06,2021,70,True,0.175,0.778,0.695,0.0,0.15,-6.865,0.0913,149.996,0.472,0,4
49,4AAIAVjSyiq1N7SXKkwXZe,Troca de Cal√ßada,Mar√≠lia Mendon√ßa,203158,2021-01-29,2021,68,False,0.539,0.659,0.689,0.0,0.147,-4.984,0.0319,99.967,0.701,0,1
50,1jweGFaVZxEVrOHKsLpPY4,Adorei,Grupo Menos √â Mais,179452,2021-03-12,2021,67,False,0.642,0.746,0.668,0.0,0.109,-6.496,0.0398,151.853,0.798,1,7
51,3IAfUEeaXRX9s9UdKOJrFI,Envolver,Anitta,193805,2021-11-11,2021,67,False,0.152,0.812,0.736,0.00254,0.0914,-5.421,0.0833,91.993,0.396,0,4
52,07AQkmp456NpEnT8HR7WLy,M4,"Teto, Matu√™",170000,2021-01-20,2021,66,True,0.08,0.88,0.59,0.0,0.184,-4.709,0.204,119.97,0.723,0,8
53,2B4GHvToeLTOBB4QLzW3Ni,Pepas,Farruko,287120,2021-10-01,2021,66,True,0.00776,0.762,0.766,6.98e-05,0.128,-3.955,0.0343,130.001,0.442,1,7
54,4qsOrxBv09HhNSpsgMRXdC,Esque√ßa-Me Se For Capaz,"Mar√≠lia Mendon√ßa, Maiara & Maraisa",169058,2021-10-14,2021,67,False,0.276,0.799,0.685,0.0,0.13,-5.366,0.0725,122.013,0.623,0,6
55,4DWKtQVURjepn8uzBgmwuv,Doutora 3,"Mc Kevin, Perera DJ",157088,2021-03-31,2021,66,False,0.11,0.882,0.419,0.0,0.215,-11.967,0.11,109.912,0.163,1,7
56,3nOz1U41SZZ0N3fuUWr9nb,I AM WOMAN,Emmy Meli,232813,2021-11-19,2021,65,True,0.122,0.646,0.471,0.0,0.125,-9.247,0.157,170.084,0.455,1,10
57,1XXimziG1uhM0eDNCZCrUl,Up,Cardi B,156944,2021-02-05,2021,63,True,0.0012,0.868,0.795,0.0193,0.0461,-6.044,0.269,166.0,0.819,1,11
58,3ITkrUvAA6gzxer2UIom3P,Molhando o Volante,Jorge & Mateus,162538,2021-12-10,2021,63,False,0.707,0.772,0.647,0.0,0.113,-5.404,0.0758,130.183,0.801,1,10
59,7aZusA4cWXz3Wv9e9uhavz,Quer Voar,Matu√™,187636,2021-08-11,2021,63,True,0.138,0.806,0.595,0.0,0.0882,-6.166,0.246,82.492,0.677,0,8
60,5SixeLvPsYpk7qq9lo5xYg,Have Mercy,Chl√∂e,148778,2021-09-10,2021,63,True,0.297,0.903,0.535,0.0,0.345,-6.434,0.0742,130.022,0.508,1,9
61,7FdmHr87G79PDRGy9SPBkZ,Thot Shit,Megan Thee Stallion,184634,2021-10-29,2021,63,True,0.0199,0.949,0.683,0.0,0.171,-4.242,0.0946,130.012,0.887,1,9
62,6x1FttETfbRLerumlTn0ZH,Paypal,Teto,166153,2021-04-01,2021,62,False,0.171,0.888,0.691,0.0,0.343,-3.759,0.254,130.067,0.863,0,4
63,0BiK5BbYNFLb88CCOxBFJe,LUMBERJACK,"Tyler, The Creator",138312,2021-06-25,2021,62,True,0.122,0.386,0.762,0.0,0.527,-6.341,0.564,170.691,0.433,1,9
64,3YvE7uo4ffseBoJPh8IhHp,Presepada,"Mar√≠lia Mendon√ßa, Maiara & Maraisa",196209,2021-10-14,2021,65,False,0.368,0.606,0.733,0.0,0.144,-4.46,0.175,166.199,0.672,1,9
65,5SwyN9hzmWjBsINlif8li8,Ficha Limpa,Gusttavo Lima,192725,2021-06-19,2021,62,False,0.108,0.774,0.732,0.0,0.243,-4.227,0.0308,135.005,0.734,1,9
66,7xVSNhAUQhUIpwfR6lTOwA,Por Supuesto,Marina Sena,186698,2021-08-19,2021,61,False,0.665,0.825,0.574,4.94e-06,0.0751,-6.383,0.0485,119.999,0.824,0,2
67,5A4DlgM68SnFSKImnMeiUH,Bebe e Vem Me Procurar / Quem Ama Sente Saudade (Ao Vivo),"Turma do Pagode, Grupo Menos √â Mais",216818,2021-01-28,2021,61,False,0.634,0.68,0.712,0.0,0.933,-6.781,0.0609,88.0,0.784,1,9
68,4PQdrXMDHDPl1RczrrlADd,MORENA,Luan Santana,193221,2021-06-17,2021,61,False,0.18,0.526,0.731,0.0,0.0891,-4.662,0.0887,86.959,0.476,1,11
69,72g37RoelSnovZakG5MwnF,Parada Louca,"Mari Fernandez, Marcynho Sensa√ß√£o",179031,2021-10-29,2021,60,False,0.302,0.693,0.936,0.0,0.339,-1.322,0.0524,166.034,0.835,1,7
70,4LRPiXqCikLlN15c3yImP7,As It Was,Harry Styles,167303,2022-03-31,2022,27,False,0.342,0.52,0.731,0.00101,0.311,-5.338,0.0557,173.93,0.662,0,6
71,0V3wPSX9ygBnCm8psDIegu,Anti-Hero,Taylor Swift,200690,2022-10-21,2022,82,False,0.121,0.633,0.648,2.62e-06,0.161,-6.645,0.062,96.888,0.49,1,4
72,02MWAaffLxlfxAUY7c5dvx,Heat Waves,Glass Animals,238805,2020-08-06,2020,31,False,0.44,0.761,0.525,6.7e-06,0.0921,-6.9,0.0944,80.87,0.531,1,11
73,1IHWl5LamUGEuP4ozKQSXZ,Tit√≠ Me Pregunt√≥,Bad Bunny,243716,2022-05-06,2022,79,True,0.0993,0.65,0.715,0.000291,0.126,-5.198,0.253,106.672,0.187,0,5
74,27NovPIUIRrOZoCHxABJwK,INDUSTRY BABY (feat. Jack Harlow),"Lil Nas X, Jack Harlow",212000,2021-07-23,2021,73,True,0.0203,0.736,0.704,0.0,0.0501,-7.409,0.0615,149.995,0.894,0,3
75,3nqQXoyQOWXiESFLlDF1hG,Unholy (feat. Kim Petras),"Sam Smith, Kim Petras",156943,2022-09-22,2022,78,False,0.0138,0.719,0.454,4.83e-06,0.318,-7.384,0.0707,131.007,0.224,1,2
76,1xzi1Jcr7mEi9K2RfzLOqS,CUFF IT,Beyonc√©,225388,2022-07-29,2022,74,True,0.0368,0.78,0.689,9.69e-06,0.0698,-5.668,0.141,115.042,0.642,1,7
77,29d0nY7TzCoi22XBqDQkiP,Running Up That Hill (A Deal With God) - 2018 Remaster,Kate Bush,300840,1985-09-16,1985,5,False,0.659,0.625,0.533,0.00266,0.0546,-11.903,0.0596,108.296,0.139,0,10
78,1rDQ4oMwGJI7B4tovsBOxc,First Class,Jack Harlow,173947,2022-04-08,2022,28,True,0.0254,0.905,0.563,9.71e-06,0.113,-6.135,0.102,106.998,0.324,1,8
79,1qEmFfgcLObUfQm0j1W2CK,Late Night Talking,Harry Styles,177954,2022-05-20,2022,77,False,0.298,0.714,0.728,0.0,0.106,-4.595,0.0468,114.996,0.901,1,10
80,5CZ40GBx1sQ9agT82CLQCT,traitor,Olivia Rodrigo,229226,2021-05-21,2021,83,False,0.691,0.38,0.339,0.0,0.12,-7.885,0.0338,100.607,0.0849,1,3
81,6I3mqTwhRpn34SLVafSH7G,Ghost,Justin Bieber,153190,2021-03-19,2021,83,False,0.185,0.601,0.741,2.91e-05,0.415,-5.569,0.0478,153.96,0.441,1,2
82,6xGruZOHLs39ZbVccQTuPZ,Glimpse of Us,Joji,233456,2022-06-10,2022,77,False,0.891,0.44,0.317,4.78e-06,0.141,-9.258,0.0531,169.914,0.268,1,8
83,4k6Uh1HXdhtusDW5y8Gbvy,Bad Habit,Steve Lacy,232066,2022-07-15,2022,81,True,0.613,0.686,0.494,5.8e-05,0.402,-7.093,0.0355,168.946,0.7,1,1
84,3WMj8moIAXJhHsyLaqIIHI,Something in the Orange,Zach Bryan,228013,2022-04-22,2022,85,False,0.555,0.369,0.192,8.35e-06,0.0954,-12.151,0.04,175.212,0.148,0,4
85,0mL82sxCRjrs3br407IdJh,Is There Someone Else?,The Weeknd,199111,2022-01-06,2022,80,False,0.0388,0.702,0.586,7.27e-05,0.156,-7.83,0.0313,134.951,0.608,0,9
86,2tTmW7RDtMQtBk7m2rYeSw,"Quevedo: Bzrp Music Sessions, Vol. 52","Bizarrap, Quevedo",198937,2022-07-06,2022,80,False,0.0125,0.621,0.782,0.033,0.23,-5.548,0.044,128.033,0.55,1,2
87,3IAfUEeaXRX9s9UdKOJrFI,Envolver,Anitta,193805,2021-11-11,2021,67,False,0.152,0.812,0.736,0.00254,0.0914,-5.421,0.0833,91.993,0.396,0,4
88,6Sq7ltF9Qa7SNFBsV5Cogx,Me Porto Bonito,"Bad Bunny, Chencho Corleone",178567,2022-05-06,2022,81,True,0.0901,0.911,0.712,2.68e-05,0.0933,-5.105,0.0817,92.005,0.425,0,1
89,2FeBslNBMdR9V58uv6hd2t,N95,Kendrick Lamar,195950,2022-05-13,2022,30,True,0.377,0.79,0.67,2.32e-06,0.119,-5.527,0.105,139.956,0.408,1,1
90,3F5CgOj3wFlRv51JsHbxhe,Jimmy Cooks (feat. 21 Savage),"Drake, 21 Savage",218364,2022-06-17,2022,80,True,0.000307,0.529,0.673,2.41e-06,0.093,-4.711,0.175,165.921,0.366,1,0
91,1PckUlxKqWQs3RlWXVBLw3,About Damn Time,Lizzo,191822,2022-04-14,2022,59,True,0.0995,0.836,0.743,0.0,0.335,-6.305,0.0656,108.966,0.722,0,10
92,5jQI2r1RdgtuT8S3iG8zFC,Lavender Haze,Taylor Swift,202395,2022-10-21,2022,74,True,0.23,0.735,0.449,0.00126,0.132,-10.56,0.0883,97.05,0.0955,0,7
93,5ildQOEKmJuWGl2vRkFdYc,DESPECH√Å,ROSAL√çA,157017,2022-07-28,2022,71,True,0.184,0.919,0.623,1.63e-05,0.0609,-6.521,0.0992,130.037,0.775,1,7
94,4fouWK6XVHhzl78KzQ1UjL,abcdefu,GAYLE,168601,2021-08-13,2021,72,True,0.299,0.695,0.54,0.0,0.367,-5.692,0.0493,121.932,0.415,1,4
95,7rglLriMNBPAyuJOMGwi39,Cold Heart - PNAU Remix,"Elton John, Dua Lipa, PNAU",202735,2021-10-22,2021,67,False,0.0354,0.795,0.8,7.25e-05,0.0915,-6.32,0.0309,116.032,0.934,1,1
96,50nfwKoDiSYg8zOCREWAm5,Shivers,Ed Sheeran,207853,2021-10-25,2021,83,False,0.281,0.788,0.859,0.0,0.0424,-2.724,0.0856,141.02,0.822,1,2
97,0mBP9X2gPCuapvpZ7TGDk3,Left and Right (Feat. Jung Kook of BTS),"Charlie Puth, Jung Kook, BTS",154486,2022-06-24,2022,68,False,0.619,0.881,0.592,1.32e-05,0.0901,-4.898,0.0324,101.058,0.719,1,2
98,1SOClUWhOi8vHZYMz3GluK,Infinity,Jaymes Young,237720,2017-06-23,2017,76,False,0.148,0.671,0.673,5.29e-05,0.304,-6.941,0.0444,121.963,0.494,0,11
99,0e8nrvls4Qqv5Rfa2UhqmO,THATS WHAT I WANT,Lil Nas X,143901,2021-09-17,2021,74,True,0.00614,0.737,0.846,0.0,0.0486,-4.51,0.22,87.981,0.546,0,1
100,3RfTeIrWS8LNrfHYwechtt,Sunroof,"Nicky Youre, dazy",163025,2021-11-26,2021,19,False,0.35,0.768,0.716,0.0,0.15,-5.11,0.0404,131.43,0.841,1,10
101,4h9wh7iOZ0GGn8QVp4RAOB,I Ain't Worried,OneRepublic,148485,2022-05-13,2022,80,False,0.0826,0.704,0.797,0.000745,0.0546,-5.927,0.0475,139.994,0.825,1,0
102,09gysnJpfQ3ublBmJDfcEC,SAD GIRLZ LUV MONEY Remix (feat. Kali Uchis and Moliy),"Amaarae, Kali Uchis, Moliy",204763,2021-09-16,2021,73,True,0.433,0.87,0.523,2.07e-05,0.113,-8.052,0.0602,110.02,0.319,0,1
103,1ri9ZUkBJVFUdgwzCnfcYs,MAMIII,"Becky G, KAROL G",226088,2022-02-10,2022,69,False,0.0934,0.843,0.7,0.0,0.14,-3.563,0.0803,93.991,0.899,0,4
104,6mmPpaltUZK7xjNlBPQQ0p,Desesperados,"Rauw Alejandro, Chencho Corleone",224996,2021-12-10,2021,80,True,0.356,0.869,0.694,0.00125,0.0878,-3.35,0.0783,90.02,0.511,0,1
105,4C6Uex2ILwJi9sZXRdmqXp,Super Freaky Girl,Nicki Minaj,170977,2022-08-12,2022,67,True,0.0645,0.95,0.891,1.77e-05,0.309,-2.653,0.241,133.01,0.912,1,2
106,2SLwbpExuoBDZBpjfefCtV,Out of Time,The Weeknd,214193,2022-01-06,2022,73,False,0.255,0.65,0.76,0.0,0.339,-4.422,0.0446,93.057,0.838,0,0
107,59CfNbkERJ3NoTXDvoURjj,Boyfriend,Dove Cameron,153000,2022-02-11,2022,71,True,0.232,0.345,0.612,0.0,0.194,-6.543,0.0608,179.773,0.232,0,7
108,0skYUMpS0AcbpjcGsAbRGj,Pink Venom,BLACKPINK,186964,2022-08-19,2022,62,False,0.0202,0.798,0.697,0.0,0.259,-7.139,0.0891,90.031,0.745,1,0
109,34ZAzO78a5DAVNrYIGWcPm,Shirt,SZA,181830,2022-10-28,2022,63,True,0.146,0.824,0.453,0.0273,0.0896,-9.604,0.0968,119.959,0.552,0,3
110,5IgjP7X4th6nMNDh4akUHb,Under The Influence,Chris Brown,184613,2019-10-04,2019,83,True,0.0186,0.755,0.562,0.000231,0.18,-8.947,0.0355,116.931,0.368,0,9
111,6zJejIfVYLgjud3lTk4DLB,SNAP,Rosa Linn,179551,2022-07-15,2022,0,False,0.107,0.565,0.636,9.9e-06,0.447,-8.198,0.0638,170.01,0.525,1,0
112,2DB4DdfCFMw1iaR6JaR03a,Bam Bam (feat. Ed Sheeran),"Camila Cabello, Ed Sheeran",206070,2022-04-07,2022,69,False,0.182,0.756,0.697,0.0,0.333,-6.377,0.0401,94.996,0.956,1,8
113,1O2pcBJGej0pmH2Y9XZMs6,Una Noche en Medell√≠n,Cris Mj,153750,2022-01-21,2022,6,True,0.0924,0.87,0.548,4.6e-05,0.0534,-5.253,0.077,96.018,0.832,0,10
114,7dSZ6zGTQx66c2GF91xCrb,PROVENZA,KAROL G,210200,2022-04-22,2022,71,False,0.656,0.87,0.516,0.00823,0.11,-8.006,0.0541,111.005,0.53,1,1
115,58HvfVOeJY7lUuCqF0m3ly,MIDDLE OF THE NIGHT,Elley Duh√©,184447,2020-01-10,2020,74,False,0.0228,0.41,0.611,0.0,0.116,-8.271,0.0467,185.727,0.0899,0,4
116,1r9xUipOqoNwggBpENDsvJ,Enemy (with JID) - from the series Arcane League of Legends,"Imagine Dragons, JID, Arcane, League of Legends",173381,2021-10-28,2021,73,False,0.237,0.728,0.783,0.0,0.434,-4.424,0.266,77.011,0.555,0,11
117,28JBD8p18xNuOfyV7Cotdn,Massive,Drake,336924,2022-06-17,2022,67,False,0.114,0.499,0.671,0.0169,0.148,-6.774,0.0561,124.994,0.0557,0,4
118,2KukL7UlQ8TdvpaA7bY3ZJ,BREAK MY SOUL,Beyonc√©,278281,2022-06-21,2022,60,False,0.0575,0.687,0.887,2.21e-06,0.27,-5.04,0.0826,114.941,0.853,0,1
119,0O6u0VJ46W86TxN9wgyqDj,I Like You (A Happier Song) (with Doja Cat),"Post Malone, Doja Cat",192840,2022-06-03,2022,75,True,0.121,0.733,0.67,0.0,0.121,-6.009,0.0751,100.964,0.472,1,5
120,3Kkjo3cT83cw09VJyrLNwX,Oh My God,Adele,225148,2021-11-19,2021,73,False,0.091,0.534,0.725,0.0,0.0264,-3.906,0.046,88.098,0.55,1,1
121,52xJxFP6TqMuO4Yt0eOkMz,We Don't Talk About Bruno,"Carolina Gait√°n, Mauro Castillo, Adassa, Rhenzy Feliz, Diane Guerrero, Stephanie Beatriz, Encanto - Cast",216120,2021-11-19,2021,71,False,0.357,0.577,0.45,0.0,0.111,-8.516,0.0834,205.863,0.83,0,0
122,76YSWx6L6FNsuaP6GWBb8P,All For Us,"Labrinth, Zendaya",191710,2019-11-21,2019,73,False,0.0108,0.46,0.66,0.000139,0.34,-6.642,0.0652,141.722,0.18,1,3
123,3uUuGVFu1V7jTQL60S1r8z,Where Are You Now,"Lost Frequencies, Calum Scott",148197,2021-07-30,2021,75,False,0.515,0.671,0.636,0.000411,0.172,-8.117,0.103,120.966,0.262,0,6
124,38T0tPVZHcPZyhtOcCP7pF,STAR WALKIN' (League of Legends Worlds Anthem),Lil Nas X,210575,2022-09-22,2022,70,True,0.148,0.637,0.715,0.0,0.0892,-4.971,0.0455,141.872,0.308,0,2
125,4ZtFanR9U6ndgddUvNcjcG,good 4 u,Olivia Rodrigo,178146,2021-05-21,2021,82,True,0.335,0.563,0.664,0.0,0.0849,-5.044,0.154,166.928,0.688,1,9
126,1nH2PkJL1XoUq8oE6tBZoU,Sacrifice,The Weeknd,188918,2022-01-06,2022,69,True,0.0296,0.735,0.795,3.18e-05,0.0678,-6.523,0.113,122.0,0.905,0,11
127,7mFj0LlWtEJaEigguaWqYh,Sweetest Pie,"Megan Thee Stallion, Dua Lipa",201334,2022-03-11,2022,66,True,0.167,0.814,0.628,0.0,0.101,-7.178,0.221,123.977,0.677,1,7
128,3k3NWokhRRkEPhCzPmV8TW,Ojitos Lindos,"Bad Bunny, Bomba Est√©reo",258298,2022-05-06,2022,80,False,0.08,0.647,0.686,1.34e-06,0.528,-5.745,0.0413,79.928,0.268,0,3
129,46IZ0fSY2mpAiktS3KOqds,Easy On Me,Adele,224694,2021-11-19,2021,82,False,0.578,0.604,0.366,0.0,0.133,-7.519,0.0282,141.981,0.13,1,5
130,35ovElsgyAtQwYPYnZJECg,Lift Me Up - From Black Panther: Wakanda Forever - Music From and Inspired By,Rihanna,196519,2022-10-28,2022,67,False,0.899,0.247,0.299,0.0,0.131,-6.083,0.0315,177.115,0.172,1,9
131,1wtOxkiel43cVs0Yux5Q4h,Snow On The Beach (feat. Lana Del Rey),"Taylor Swift, Lana Del Rey",256124,2022-10-21,2022,67,True,0.701,0.663,0.321,0.000598,0.107,-13.527,0.0409,110.021,0.153,1,9
132,00Blm7zeNqgYLPtW6zg8cj,One Right Now (with The Weeknd),"Post Malone, The Weeknd",193506,2021-11-05,2021,68,True,0.0361,0.687,0.781,0.0,0.0755,-4.806,0.053,97.014,0.688,1,1
133,3LtpKP5abr2qqjunvjlX5i,Doja,Central Cee,97392,2022-07-21,2022,77,True,0.38,0.911,0.573,0.0,0.403,-7.43,0.288,140.04,0.972,1,6
134,6Uj1ctrBOjOas8xZXGqKk4,Woman,Doja Cat,172626,2021-06-25,2021,82,True,0.0888,0.824,0.764,0.00294,0.117,-4.175,0.0854,107.998,0.881,0,5
135,2rurDawMfoKP4uHyb2kJBt,Te Felicito,"Shakira, Rauw Alejandro",172235,2022-04-21,2022,70,False,0.234,0.695,0.636,0.0,0.081,-4.654,0.317,174.14,0.575,1,5
136,0ARKW62l9uWIDYMZTUmJHF,Shut Down,BLACKPINK,175889,2022-09-16,2022,64,False,0.00291,0.814,0.704,0.0,0.182,-5.146,0.036,110.056,0.621,1,0
137,6Xom58OOXk2SoU711L2IXO,Moscow Mule,Bad Bunny,245939,2022-05-06,2022,79,True,0.294,0.804,0.674,1.18e-06,0.115,-5.453,0.0333,99.968,0.292,0,5
138,5ww2BF9slyYgNOk37BlC4u,La Bachata,Manuel Turizo,162637,2022-05-26,2022,76,False,0.583,0.835,0.679,1.98e-06,0.218,-5.329,0.0364,124.98,0.85,0,7
139,1oFAF1hdPOickyHgbuRjyX,Save Your Tears (Remix) (with Ariana Grande) - Bonus Track,"The Weeknd, Ariana Grande",191013,2020-03-20,2020,79,False,0.0215,0.65,0.825,2.44e-05,0.0936,-4.645,0.0325,118.091,0.593,1,0
140,5PjdY0CKGZdEuoNab3yDmX,STAY (with Justin Bieber),"The Kid LAROI, Justin Bieber",141805,2021-07-23,2021,19,True,0.0383,0.591,0.764,0.0,0.103,-5.484,0.0483,169.928,0.478,1,1
141,3gXWe15nwrjfhjYQ5RqLx7,29,Demi Lovato,163027,2022-08-17,2022,51,True,0.00507,0.322,0.698,0.0,0.249,-3.812,0.0542,183.963,0.288,0,1
142,0U1W2LZVUX7qTm7dDpqxh6,When You're Gone,Shawn Mendes,172266,2022-03-31,2022,68,False,0.0248,0.603,0.691,0.0,0.583,-5.805,0.0372,147.148,0.577,1,5
143,6N1K5OVVCopBjGViHs2IvP,The Joker And The Queen (feat. Taylor Swift),"Ed Sheeran, Taylor Swift",185422,2022-02-11,2022,62,False,0.924,0.528,0.309,2.1e-06,0.282,-7.398,0.0329,133.83,0.307,1,0
144,6LtHYDgYHRCHoKK3snfr2w,I‚Äôm Tired (with Zendaya) - Bonus Track,"Labrinth, Zendaya",187943,2022-02-28,2022,59,False,0.651,0.375,0.133,0.0,0.0695,-10.624,0.0352,131.721,0.192,0,0
145,1vbn9fEyw1IYhqgZJdu9ZB,Falling Back,Drake,266178,2022-06-17,2022,57,False,0.238,0.718,0.758,0.00653,0.11,-8.29,0.0703,118.989,0.349,1,10
146,0sTlGEld0h8kIPZaKDYUf4,Notion,The Rare Occasions,195120,2021-12-02,2021,79,False,0.0673,0.309,0.883,0.00111,0.0849,-3.825,0.0808,159.488,0.312,1,9
147,1BSMpVGWs3v5BZKnAQziAc,Light Switch,Charlie Puth,185680,2022-01-20,2022,23,False,0.105,0.69,0.626,0.000335,0.0881,-5.693,0.306,184.009,0.912,1,6
148,62Yo3FDddWY8ydu6PW2wyz,Nail Tech,Jack Harlow,206385,2022-02-18,2022,57,True,0.00508,0.677,0.557,8.36e-06,0.0984,-8.409,0.0694,150.127,0.1,1,1
149,59nOXPmaKlBfGMDeOVGrIK,WAIT FOR U (feat. Drake & Tems),"Future, Drake, Tems",189893,2022-04-29,2022,81,True,0.314,0.463,0.642,0.0,0.0686,-4.474,0.34,83.389,0.339,1,1
150,2KdKh9vHbKW0tZLqtpxxI0,Honest (feat. Don Toliver),"Justin Bieber, Don Toliver",193322,2022-04-29,2022,62,True,0.127,0.81,0.655,8.16e-05,0.105,-6.779,0.0698,150.002,0.809,0,8
151,5S9Zs5g9lTWnLIboN1pdlU,Fingers Crossed,Lauren Spencer Smith,175344,2022-01-05,2022,0,False,0.616,0.603,0.473,0.0,0.31,-7.23,0.0511,109.494,0.446,1,5
152,3GYlZ7tbxLOxe6ewMNVTkw,TV,Billie Eilish,281380,2022-07-21,2022,81,False,0.83,0.412,0.236,0.00653,0.147,-15.159,0.0379,140.214,0.119,0,4
153,0IuVhCflrQPMGRrOyoY5RW,she's all i wanna be,Tate McRae,206772,2022-02-04,2022,15,False,0.0134,0.614,0.644,7.07e-06,0.117,-5.372,0.0426,160.036,0.651,0,2
154,2TktkzfozZifbQhXjT6I33,Evergreen (You Didn‚Äôt Deserve Me At All),Omar Apollo,216680,2022-04-08,2022,74,False,0.598,0.697,0.336,0.00528,0.107,-10.395,0.0424,82.029,0.31,1,9
155,10SRMwb9EuVS1K9rYsBfHQ,Yet To Come,BTS,193593,2022-06-10,2022,66,False,0.0432,0.559,0.885,0.0,0.333,-4.515,0.189,172.029,0.683,1,1
156,0hquQWY3xvYqN4qtiquniF,Vegas (From the Original Motion Picture Soundtrack ELVIS),Doja Cat,182906,2022-05-06,2022,71,True,0.0777,0.801,0.601,3.23e-05,0.145,-7.574,0.255,159.969,0.74,0,8
157,5MMW4CZsZiZt2iuqAXzzWC,The Heart Part 5,Kendrick Lamar,332228,2022-05-08,2022,54,True,0.183,0.7,0.812,0.0,0.0756,-8.128,0.297,97.405,0.801,0,1
158,1Hohk6AufHZOrrhMXZppax,ALIEN SUPERSTAR,Beyonc√©,215459,2022-07-29,2022,65,True,0.00453,0.545,0.641,6.59e-05,0.171,-6.398,0.0998,121.892,0.464,0,10
159,2KnLkZ3z7PO3kgVGHGqDpD,It'll Be Okay,Shawn Mendes,222800,2021-12-01,2021,69,False,0.616,0.398,0.286,0.000146,0.0912,-11.881,0.033,78.262,0.0666,1,7
160,1O9AseW10CTi6nBLoj0O6K,SKIN OF MY TEETH,Demi Lovato,162516,2022-06-10,2022,38,True,1.29e-05,0.458,0.947,0.0,0.179,-2.308,0.221,130.941,0.478,0,11
161,4uUG5RXrOk84mYEfFvj3cK,I'm Good (Blue),"David Guetta, Bebe Rexha",175238,2022-08-26,2022,85,True,0.00383,0.561,0.965,7.07e-06,0.371,-3.673,0.0343,128.04,0.304,0,7
162,72yP0DUlWPyH8P7IoxskwN,Hold Me Closer,"Elton John, Britney Spears",202245,2022-08-26,2022,69,False,0.0746,0.667,0.75,0.000198,0.197,-4.602,0.0906,126.041,0.486,1,0
163,0WtM2NBVQNNJLh6scP13H8,Calm Down (with Selena Gomez),"Rema, Selena Gomez",239317,2022-08-25,2022,79,False,0.382,0.801,0.806,0.000669,0.114,-5.206,0.0381,106.999,0.802,1,11
164,0T5iIrXA4p5GsubkhuBIKV,Until I Found You,Stephen Sanchez,177720,2021-09-01,2021,76,False,0.727,0.539,0.508,0.0,0.174,-6.05,0.0288,101.358,0.227,1,10
165,3rWDp9tBPQR9z6U5YyRSK4,Midnight Rain,Taylor Swift,174782,2022-10-21,2022,75,False,0.71,0.604,0.375,5.87e-05,0.116,-11.637,0.0633,137.651,0.203,1,0
166,2g6tReTlM2Akp41g0HaeXN,Die Hard,"Kendrick Lamar, Blxst, Amanda Reifer",239026,2022-05-13,2022,72,True,0.319,0.775,0.736,0.00116,0.127,-8.072,0.247,100.988,0.362,0,1
167,4pi1G1x8tl9VfdD9bL3maT,Big Energy,Latto,172540,2022-03-25,2022,61,True,0.0453,0.937,0.793,0.0,0.341,-4.431,0.115,106.022,0.794,0,11
168,3XOalgusokruzA5ZBA2Qcb,pushin P (feat. Young Thug),"Gunna, Future, Young Thug",136266,2022-01-13,2022,67,True,0.00783,0.773,0.422,0.00693,0.129,-4.572,0.187,77.502,0.488,0,1
169,1r8ZCjfrQxoy2wVaBUbpwg,THOUSAND MILES,The Kid LAROI,164781,2022-04-22,2022,65,True,0.0858,0.376,0.657,0.0,0.0884,-4.658,0.0768,80.565,0.203,1,7
170,1Qrg8KqiBpW07V7PNxwwwL,Kill Bill,SZA,153946,2022-12-08,2022,86,False,0.0521,0.644,0.735,0.144,0.161,-5.747,0.0391,88.98,0.418,1,8
171,0yLdNVWF3Srea0uzk55zFn,Flowers,Miley Cyrus,200454,2023-01-13,2023,23,False,0.0632,0.707,0.681,5.15e-06,0.0322,-4.325,0.0668,117.999,0.646,1,0
172,7oDd86yk8itslrA9HRP2ki,Die For You - Remix,"The Weeknd, Ariana Grande",232857,2023-02-24,2023,73,False,0.232,0.531,0.525,0.0,0.441,-6.5,0.0671,66.9,0.502,0,1
173,3k79jB4aGmMDUQzEwa46Rz,vampire,Olivia Rodrigo,219724,2023-06-30,2023,16,True,0.148,0.484,0.53,0.0,0.283,-5.82,0.054,136.874,0.319,1,5
174,3rUGC1vUpkDG9CZFHMur1t,greedy,Tate McRae,131872,2023-09-15,2023,86,True,0.261,0.749,0.729,0.0,0.113,-3.19,0.0321,111.004,0.816,0,6
175,2dHHgzDwk4BJdRwy9uXhTO,Creepin' (with The Weeknd & 21 Savage),"Metro Boomin, The Weeknd, 21 Savage",221520,2022-12-02,2022,81,True,0.391,0.716,0.613,0.0,0.0813,-6.018,0.0522,97.914,0.157,0,1
176,3vkCueOmm7xQDoJ17W1Pm3,My Love Mine All Mine,Mitski,137773,2023-09-15,2023,88,False,0.868,0.504,0.308,0.135,0.158,-14.958,0.0321,113.95,0.121,1,9
177,6dgUya35uo964z7GZXM07g,Nonsense,Sabrina Carpenter,163648,2022-07-15,2022,86,False,0.0268,0.74,0.697,0.0,0.224,-4.912,0.034,138.992,0.732,1,8
178,4xhsWYTOGcal8zt0J161CU,Lovin On Me,Jack Harlow,138411,2023-11-10,2023,80,True,0.0026,0.943,0.558,2.19e-06,0.0937,-4.911,0.0568,104.983,0.606,1,2
179,2IGMVunIBsBLtEQyoI1Mu7,Paint The Town Red,Doja Cat,231750,2023-08-04,2023,78,True,0.269,0.868,0.538,3.34e-06,0.0901,-8.603,0.174,99.968,0.732,1,5
180,6wsqVwoiVH2kde4k4KKAFU,I KNOW ?,Travis Scott,211582,2023-07-28,2023,82,True,0.0186,0.927,0.619,0.0,0.104,-4.441,0.0539,117.995,0.817,0,5
181,6wf7Yu7cxBSPrRlWeSeK0Q,"What Was I Made For? [From The Motion Picture ""Barbie""]",Billie Eilish,222369,2023-07-13,2023,85,False,0.953,0.391,0.084,0.0,0.0983,-17.843,0.0317,79.449,0.111,1,0
182,4iZ4pt7kvcaH6Yo8UoZ4s2,Snooze,SZA,201800,2022-12-09,2022,86,True,0.141,0.559,0.551,0.0,0.11,-7.231,0.132,143.008,0.392,1,5
183,1BxfuPKGuaTgP7aM0Bbdwr,Cruel Summer,Taylor Swift,178426,2019-08-23,2019,89,False,0.117,0.552,0.702,2.06e-05,0.105,-5.707,0.157,169.994,0.564,1,9
184,7x9aauaA9cu6tyfpHnqDLo,Seven (feat. Latto),"Jung Kook, Latto",184400,2023-07-14,2023,80,True,0.301,0.788,0.841,0.0,0.0772,-3.955,0.0432,124.986,0.904,1,11
185,1Y3LN4zO1Edc2EluIoSPJN,Until I Found You (with Em Beihold) - Em Beihold Version,"Stephen Sanchez, Em Beihold",176440,2022-04-22,2022,78,False,0.777,0.551,0.55,0.0,0.202,-5.339,0.0286,101.19,0.342,1,10
186,59uQI0PADDKeE6UZDTJEe8,Last Night,Morgan Wallen,163854,2023-01-31,2023,76,True,0.413,0.492,0.673,0.0,0.137,-5.431,0.0347,203.812,0.488,1,6
187,3dnP0JxCgygwQH9Gm7q7nb,Ella Baila Sola,"Eslabon Armado, Peso Pluma",165671,2023-03-16,2023,75,False,0.483,0.668,0.758,1.89e-05,0.0837,-5.176,0.0332,147.989,0.834,0,5
188,4nrPB8O7Y7wsOCJdgXkthe,"Shakira: Bzrp Music Sessions, Vol. 53","Bizarrap, Shakira",214945,2023-01-11,2023,77,False,0.281,0.842,0.745,2.61e-05,0.118,-4.231,0.0399,122.06,0.53,0,2
189,7KokYm8cMIXCsGVmUvKtqf,Karma,Taylor Swift,204852,2022-10-21,2022,76,True,0.062,0.64,0.619,0.0,0.475,-7.108,0.065,90.008,0.121,1,8
190,6AQbmUe0Qwf5PZnt4HmTXv,Boy's a liar Pt. 2,"PinkPantheress, Ice Spice",131013,2023-02-03,2023,72,True,0.252,0.696,0.809,0.000128,0.248,-8.254,0.05,132.962,0.857,1,5
191,4uUG5RXrOk84mYEfFvj3cK,I'm Good (Blue),"David Guetta, Bebe Rexha",175238,2022-08-26,2022,85,True,0.00383,0.561,0.965,7.07e-06,0.371,-3.673,0.0343,128.04,0.304,0,7
192,1bDbXMyjaUIooNwFE9wn0N,Rich Flex,"Drake, 21 Savage",239359,2022-11-04,2022,75,True,0.0517,0.549,0.518,1.21e-06,0.378,-9.39,0.257,160.07,0.418,0,4
193,6WzRpISELf3YglGAh7TXcG,Popular (with Playboi Carti & Madonna) - From The Idol Vol. 1 (Music from the HBO Original Series),"The Weeknd, Playboi Carti, Madonna",215466,2023-06-02,2023,82,True,0.0517,0.854,0.674,8.53e-05,0.509,-6.23,0.184,99.022,0.848,1,1
194,5ww2BF9slyYgNOk37BlC4u,La Bachata,Manuel Turizo,162637,2022-05-26,2022,76,False,0.583,0.835,0.679,1.98e-06,0.218,-5.329,0.0364,124.98,0.85,0,7
195,5odlY52u43F5BjByhxg7wg,golden hour,JVKE,209259,2022-09-23,2022,77,False,0.653,0.515,0.593,0.162,0.25,-4.801,0.0322,94.467,0.153,1,4
196,0WtM2NBVQNNJLh6scP13H8,Calm Down (with Selena Gomez),"Rema, Selena Gomez",239317,2022-08-25,2022,79,False,0.382,0.801,0.806,0.000669,0.114,-5.206,0.0381,106.999,0.802,1,11
197,2Zo1PcszsT9WQ0ANntJbID,Feather,Sabrina Carpenter,185552,2023-03-17,2023,85,True,0.0736,0.791,0.694,1.75e-06,0.0958,-4.332,0.0335,123.508,0.826,0,6
198,2i8f4VnnBjy0yDqH2C452a,bad idea right?,Olivia Rodrigo,184783,2023-08-11,2023,13,True,0.00174,0.631,0.88,4.52e-06,0.0639,-3.545,0.0999,129.994,0.808,1,9
199,7FbrGaHYVDmfr7KoLIZnQ7,Cupid - Twin Ver.,FIFTY FIFTY,174253,2023-02-24,2023,22,False,0.435,0.783,0.592,4.15e-06,0.347,-8.332,0.0331,120.018,0.726,0,11
200,1odExI7RdWc4BT515LTAwj,Daylight,David Kushner,212953,2023-04-14,2023,82,False,0.83,0.508,0.43,0.000441,0.093,-9.475,0.0335,130.09,0.324,0,2
201,78Sw5GDo6AlGwTwanjXbGh,Here With Me,d4vd,242484,2022-09-22,2022,33,False,0.534,0.574,0.469,9.21e-05,0.128,-8.209,0.0254,132.023,0.288,1,4
202,2i2gDpKKWjvnRTOZRhaPh2,Moonlight,Kali Uchis,187557,2023-02-24,2023,74,False,0.477,0.64,0.719,0.0,0.16,-6.452,0.0516,136.79,0.889,0,7
203,0DWdj2oZMBFSzRsi2Cvfzf,TQG,"KAROL G, Shakira",197933,2023-02-24,2023,81,True,0.619,0.587,0.647,0.0,0.106,-3.385,0.327,90.123,0.686,0,4
204,4MjDJD8cW7iVeWInc2Bdyj,MONACO,Bad Bunny,267194,2023-10-13,2023,77,True,0.15,0.787,0.621,0.000402,0.58,-5.009,0.068,139.056,0.13,0,4
205,2Hh3ETdQKrmSI3QS0hme7g,Too Many Nights (feat. Don Toliver & with Future),"Metro Boomin, Future, Don Toliver",199920,2022-12-02,2022,82,True,0.189,0.573,0.668,4.01e-05,0.109,-4.356,0.0467,87.973,0.145,0,7
206,5WxVXxCMRnvxUKFq40ELwq,Escapism.,"RAYE, 070 Shake",272373,2022-11-25,2022,2,True,0.138,0.538,0.742,4.67e-05,0.0934,-5.355,0.114,96.107,0.25,1,2
207,5aIVCx5tnk0ntmdiinnYvw,Water,Tyla,200255,2023-07-28,2023,84,False,0.0856,0.673,0.722,0.0,0.137,-3.495,0.0755,117.187,0.519,0,3
208,1vYXt7VSjH9JIM5oRRo7vA,Dance The Night - From Barbie The Album,Dua Lipa,176579,2023-05-25,2023,80,False,0.0207,0.671,0.845,0.0,0.329,-4.93,0.048,110.056,0.775,0,11
209,5w40ZYhbBMAlHYNDaVJIUu,Chemical,Post Malone,184013,2023-04-14,2023,75,True,0.00154,0.49,0.88,0.0,0.103,-4.856,0.0435,169.949,0.392,1,2
210,4KULAymBBJcPRpk1yO4dOG,I Remember Everything (feat. Kacey Musgraves),"Zach Bryan, Kacey Musgraves",227195,2023-08-25,2023,86,False,0.554,0.429,0.453,2e-06,0.102,-7.746,0.0459,77.639,0.155,1,0
211,1Iq8oo9XkmmvCQiGOfORiz,Is It Over Now? (Taylor's Version) (From The Vault),Taylor Swift,229477,2023-10-26,2023,75,False,0.0486,0.599,0.651,0.0,0.126,-7.343,0.035,100.001,0.153,1,0
212,7DswEZZthZ6piQpL25qGAM,On My Mama,Victoria Mon√©t,184258,2023-08-25,2023,66,True,0.556,0.675,0.546,0.00441,0.167,-7.716,0.0511,77.415,0.607,0,4
213,7KA4W4McWYRpgf0fWsJZWB,See You Again (feat. Kali Uchis),"Tyler, The Creator, Kali Uchis",180386,2017-07-21,2017,89,True,0.371,0.558,0.559,7.49e-06,0.109,-9.222,0.0959,78.558,0.62,1,6
214,741UUVE2kuITl0c6zuqqbO,Barbie World (with Aqua) [From Barbie The Album],"Nicki Minaj, Ice Spice, Aqua",109750,2023-06-23,2023,71,True,0.519,0.77,0.58,0.000127,0.233,-8.393,0.247,144.072,0.753,1,0
215,2FDTHlrBguDzQkp7PVj16Q,Sprinter,"Dave, Central Cee",229133,2023-06-01,2023,79,True,0.263,0.918,0.681,0.0,0.0615,-4.705,0.201,139.057,0.706,1,1
216,2UW7JaomAMuX9pZrjVpHAU,La Bebe - Remix,"Yng Lvcas, Peso Pluma",234352,2023-03-17,2023,80,True,0.213,0.812,0.479,1.21e-06,0.0756,-5.678,0.333,169.922,0.559,0,2
217,5L3ecxQnQ9qTBmnLQiwf0C,K-POP,"Travis Scott, Bad Bunny, The Weeknd",185220,2023-07-21,2023,69,True,0.0386,0.814,0.618,3.34e-06,0.671,-5.614,0.0619,121.075,0.535,0,5
218,4OMJGnvZfDvsePyCwRGO7X,Houdini,Dua Lipa,185917,2023-11-09,2023,73,False,0.0036,0.744,0.789,0.00144,0.0947,-4.876,0.059,116.985,0.866,0,9
219,2gyxAWHebV7xPYVxqoi86f,get him back!,Olivia Rodrigo,211141,2023-09-08,2023,76,True,0.0143,0.553,0.847,0.0,0.561,-5.736,0.187,162.024,0.733,1,5
220,0QHEIqNKsMoOY5urbzN48u,Made You Look,Meghan Trainor,134256,2022-10-21,2022,80,False,0.34,0.834,0.522,1.59e-06,0.0783,-3.574,0.0703,145.035,0.854,1,10
221,5sdQOyqq2IDhvmx2lHOpwd,Super Shy,NewJeans,154666,2023-07-07,2023,78,False,0.18,0.776,0.817,3.44e-05,0.146,-6.018,0.0748,149.921,0.515,0,5
222,1xK59OXxi2TAAAbmZK0kBL,Romantic Homicide,d4vd,132630,2022-07-20,2022,85,False,0.453,0.571,0.544,0.00805,0.322,-10.613,0.0299,132.052,0.216,1,6
223,5XeFesFbtLpXzIVDNQP22n,I Wanna Be Yours,Arctic Monkeys,183956,2013-09-09,2013,90,False,0.136,0.464,0.417,0.022,0.0974,-9.345,0.0256,67.528,0.479,0,0
224,1i9lZvlaDdWDPyXEE95aiq,TELEKINESIS (feat. SZA & Future),"Travis Scott, SZA, Future",353754,2023-07-28,2023,78,True,0.575,0.458,0.535,0.0,0.168,-4.854,0.0281,82.826,0.216,0,5
225,6GGtHZgBycCgGBUhZo81xe,Say Yes To Heaven,Lana Del Rey,209156,2023-05-19,2023,83,False,0.678,0.485,0.348,0.167,0.118,-11.576,0.0257,99.898,0.145,0,6
226,5Y35SjAfXjjG0sFQ3KOxmm,Nobody Gets Me,SZA,180853,2022-12-09,2022,84,True,0.805,0.358,0.284,0.0,0.183,-8.285,0.0285,99.796,0.276,1,7
227,4P9Q0GojKVXpRTJCaL3kyy,All Of The Girls You Loved Before,Taylor Swift,221407,2019-08-23,2019,73,False,0.71,0.729,0.467,4.53e-05,0.129,-9.682,0.0419,96.042,0.401,1,2
228,3iHzKA9HlXf5wsGdsrsnSA,Forget Me,Lewis Capaldi,203666,2023-05-19,2023,72,False,0.327,0.451,0.754,0.0,0.332,-3.749,0.0864,203.894,0.674,0,1
229,6iF4RgIjDvDqyW13PezSj3,Single Soon,Selena Gomez,171655,2023-08-25,2023,70,False,0.00863,0.61,0.571,0.0,0.131,-5.649,0.0782,105.01,0.747,1,2
230,4Dvkj6JhhA12EX05fT7y2e,As It Was,Harry Styles,167303,2022-05-20,2022,87,False,0.342,0.52,0.731,0.00101,0.311,-5.338,0.0557,173.93,0.662,0,6
231,5mjYQaktjmjcMKcUIcqz4s,Strangers,Kenya Grace,172964,2023-09-01,2023,77,False,0.701,0.628,0.523,0.00274,0.219,-8.307,0.0946,169.982,0.416,0,11
232,3Ua0m0YmEjrMi9XErKcNiR,Like Crazy,Jimin,212241,2023-03-24,2023,75,False,0.0025,0.629,0.733,0.0,0.357,-5.445,0.0419,120.001,0.362,1,7
233,0HD8mbiPjp3o94X3EaZp0o,exes,Tate McRae,159400,2023-11-17,2023,26,True,0.164,0.822,0.578,0.000252,0.11,-6.542,0.0582,136.966,0.627,0,5
234,2KslE17cAJNHTsI2MI0jb2,Standing Next to You,Jung Kook,206019,2023-11-03,2023,90,False,0.0447,0.711,0.809,0.0,0.339,-4.389,0.0955,106.017,0.816,0,2
235,3r8RuvgbX9s7ammBn07D3W,Ditto,NewJeans,185506,2022-12-19,2022,77,False,0.027,0.814,0.641,0.0,0.0993,-5.957,0.111,133.854,0.183,0,6
236,0Nfh4u0J4bajcyp5pzaWCx,Used To Be Young,Miley Cyrus,191185,2023-08-25,2023,59,False,0.582,0.626,0.63,0.0,0.13,-3.834,0.0377,147.029,0.421,1,4
237,07bsRv0pcpbG4zJeLsUs1p,Eyes Closed,Ed Sheeran,194848,2023-03-24,2023,4,False,0.302,0.777,0.526,0.0,0.105,-6.221,0.0645,107.071,0.389,1,2
238,0V3wPSX9ygBnCm8psDIegu,Anti-Hero,Taylor Swift,200690,2022-10-21,2022,82,False,0.121,0.633,0.648,2.62e-06,0.161,-6.645,0.062,96.888,0.49,1,4
239,56xHMIfQPoe0prrSi3BGhf,Can‚Äôt Catch Me Now - from The Hunger Games: The Ballad of Songbirds & Snakes,Olivia Rodrigo,205483,2023-11-03,2023,72,False,0.834,0.409,0.347,4.55e-06,0.121,-8.159,0.0359,141.332,0.199,0,11
240,6pD0ufEQq0xdHSsRbg9LBK,un x100to,"Grupo Frontera, Bad Bunny",194563,2023-04-17,2023,75,False,0.228,0.569,0.724,0.0,0.27,-4.076,0.0474,83.118,0.562,0,6
241,7ABLbnD53cQK00mhcaOUVG,LALA,Myke Towers,197920,2023-03-23,2023,82,True,0.0739,0.708,0.737,0.00162,0.0955,-4.045,0.0436,91.986,0.607,1,1
242,23RoR84KodL5HWvUTneQ1w,(It Goes Like) Nanana - Edit,Peggy Gou,231545,2023-06-15,2023,76,False,0.12,0.671,0.876,0.188,0.0823,-5.681,0.0352,129.998,0.964,0,7
243,3xIMkM5LgbVDkpO74O3Np3,Rush,Troye Sivan,156391,2023-07-13,2023,26,True,0.00242,0.728,0.841,9.09e-05,0.106,-7.682,0.0567,125.991,0.402,0,10
244,5AqiaZwhmC6dIbgWrD5SzV,"Peso Pluma: Bzrp Music Sessions, Vol. 55","Bizarrap, Peso Pluma",188361,2023-06-01,2023,71,True,0.146,0.785,0.726,0.0,0.0952,-6.422,0.0372,133.118,0.622,0,5
245,609E1JCInJncactoMmkDon,BESO,"ROSAL√çA, Rauw Alejandro",194543,2023-03-24,2023,76,False,0.736,0.768,0.644,0.000837,0.173,-6.671,0.136,95.05,0.53,0,5
246,6T7FXSuXykeGktMLGp8WgE,All My Life (feat. J. Cole),"Lil Durk, J. Cole",223878,2023-05-26,2023,67,True,0.0449,0.787,0.57,0.0,0.135,-5.881,0.225,142.974,0.733,1,3
247,4rXLjWdF2ZZpXCVTfWcshS,fukumean,Gunna,125040,2023-06-16,2023,82,True,0.119,0.847,0.622,0.0,0.285,-6.747,0.0903,130.001,0.22,0,1
248,0yUaLqhsVsguBpoOPL4cO7,In Ha Mood,Ice Spice,129360,2023-01-06,2023,63,True,0.678,0.767,0.722,1.1e-05,0.231,-6.586,0.31,141.075,0.52,1,0
249,4VMRsbfZzd3SfQtaJ1Wpwi,Double Fantasy (with Future),"The Weeknd, Future",268235,2023-04-21,2023,69,True,0.00572,0.613,0.573,2.58e-06,0.432,-7.277,0.0345,119.041,0.124,0,9
250,3zkyus0njMCL6phZmNNEeN,LET GO,Central Cee,174246,2022-12-15,2022,72,True,0.848,0.747,0.413,0.0,0.17,-11.197,0.488,146.05,0.481,0,2
251,1DmW5Ep6ywYwxc2HMT5BG6,Tattoo,Loreen,183374,2023-02-25,2023,79,False,0.243,0.545,0.779,1.66e-06,0.123,-6.235,0.0751,150.002,0.303,0,3
252,2NbsBSshscKIPRG3kwBbfo,Never Felt So Alone,Labrinth,160166,2023-04-07,2023,67,False,0.499,0.436,0.409,0.000166,0.38,-4.438,0.0533,98.357,0.363,1,5
253,1yHVHoz6Ny29gbbWJYVnFt,Heaven,Niall Horan,186043,2023-02-17,2023,2,False,0.0708,0.571,0.761,0.0,0.331,-3.485,0.0261,91.991,0.681,1,5
254,4FAKtPVycI4DxoOHC01YqD,Yandel 150,"Yandel, Feid",216148,2023-01-13,2023,72,True,0.0492,0.783,0.729,0.000272,0.1,-3.549,0.0691,167.968,0.58,0,6
255,2mnXxnrX5vCGolNkaFvVeM,La Jumpa,"Arc√°ngel, Bad Bunny",255693,2022-12-01,2022,68,True,0.298,0.713,0.703,0.0,0.321,-5.769,0.194,123.06,0.576,1,8
256,6XbtvPmIpyCbjuT0e8cQtp,Columbia,Quevedo,186000,2023-07-07,2023,81,False,0.369,0.668,0.712,2.13e-05,0.108,-5.927,0.0381,100.02,0.264,1,5
257,0by9UaVYUrKUz2TVAmK0Pg,"Calling (Spider-Man: Across the Spider-Verse) (Metro Boomin & Swae Lee, NAV, feat. A Boogie Wit da Hoodie)","Metro Boomin, Swae Lee, NAV, A Boogie Wit da Hoodie",219453,2023-06-05,2023,0,False,0.481,0.636,0.537,0.0,0.113,-7.902,0.0817,140.133,0.199,1,0
258,6UN73IYd0hZxLi8wFPMQij,Players,Coi Leray,139560,2022-11-30,2022,68,True,0.0269,0.948,0.512,8.57e-06,0.0504,-5.74,0.146,105.004,0.599,0,6
259,3BKD1PwArikchz2Zrlp1qi,Baby Don't Hurt Me,"David Guetta, Anne-Marie, Coi Leray",140017,2023-04-06,2023,81,False,0.00126,0.602,0.91,0.000174,0.12,-3.404,0.0308,127.944,0.228,1,7
260,6OfOzTitafSnsaunQLuNFw,DOGTOOTH,"Tyler, The Creator",161041,2023-03-31,2023,71,True,0.505,0.706,0.648,0.0,0.215,-6.348,0.324,77.533,0.802,1,8
261,37CoOXIsgF3NzbK1zHZetk,Mona Lisa (Spider-Man: Across the Spider-Verse),Dominic Fike,186066,2023-06-02,2023,64,False,0.231,0.759,0.646,0.0,0.161,-7.603,0.12,111.043,0.445,1,1
262,1Lo0QY9cvc8sUB2vnIOxDT,Fast Car,Luke Combs,265493,2023-03-24,2023,82,False,0.186,0.712,0.603,0.0,0.115,-5.52,0.0262,97.994,0.67,1,8
263,6ehWdR7cGDXnT7aKEASJxE,3D (feat. Jack Harlow),"Jung Kook, Jack Harlow",201812,2023-09-29,2023,74,True,0.0322,0.853,0.824,0.0,0.0859,-3.287,0.103,108.044,0.888,1,1
264,3RaCGXCiiMufRPoexXxGkV,Slime You Out (feat. SZA),"Drake, SZA",310490,2023-09-15,2023,67,True,0.508,0.483,0.408,0.0,0.259,-9.243,0.0502,88.88,0.105,0,5
265,7dJYggqjKo71KI9sLzqCs8,Agora Hills,Doja Cat,265360,2023-09-22,2023,75,True,0.228,0.75,0.674,8.91e-05,0.122,-6.128,0.097,123.026,0.392,0,8
266,73RbfOTJIjHzi2pcVHjeHM,What It Is (Solo Version),Doechii,189824,2023-03-17,2023,71,True,0.061,0.74,0.758,1.44e-06,0.0967,-5.851,0.0921,171.925,0.757,0,1
267,3XB5uhhlYSnkxpSihkNQwh,QLONA,"KAROL G, Peso Pluma",172797,2023-08-11,2023,72,True,0.541,0.843,0.741,1.88e-06,0.0879,-7.486,0.293,169.933,0.45,0,7
268,4sx6NRwL6Ol3V6m9exwGlQ,LOVE AGAIN,The Kid LAROI,146640,2023-01-27,2023,64,False,0.447,0.584,0.455,0.0,0.113,-6.211,0.0276,107.055,0.367,0,11
269,11xC6P3iKYpFThT6Ce1KdG,Attention,Doja Cat,277043,2023-06-16,2023,61,True,0.118,0.759,0.567,0.0278,0.105,-7.911,0.248,87.981,0.421,1,2
270,2plbrEY59IikOBgBGLjaoe,Die With A Smile,"Lady Gaga, Bruno Mars",251667,2024-08-16,2024,100,False,0.308,0.521,0.592,0.0,0.122,-7.777,0.0304,157.969,0.535,0,6
271,5vNRhkKd0yEAg8suGBpjeY,APT.,"ROS√â, Bruno Mars",169917,2024-10-18,2024,97,False,0.0283,0.777,0.783,0.0,0.355,-4.477,0.26,149.027,0.939,0,0
272,6dOtVTDdiauQNBQEDOtlAB,BIRDS OF A FEATHER,Billie Eilish,210373,2024-05-17,2024,97,False,0.2,0.747,0.507,0.0608,0.117,-10.171,0.0358,104.978,0.438,1,2
273,7tI8dRuH2Yc6RuoTjxo4dU,Who,Jimin,170887,2024-07-19,2024,92,False,0.00289,0.66,0.756,0.0,0.193,-3.743,0.032,116.034,0.838,0,0
274,1cOboCuWYI2osTOfolMRS6,Tu Boda,"Oscar Maydon, Fuerza Regida",225880,2024-09-26,2024,92,True,0.496,0.694,0.651,1.36e-05,0.0787,-6.968,0.0784,112.648,0.471,1,6
275,7ne4VBA60CxGM75vw0EYad,That‚Äôs So True,Gracie Abrams,166300,2024-10-18,2024,88,True,0.214,0.554,0.808,0.0,0.159,-4.169,0.0368,108.548,0.372,1,1
276,5G2f63n7IPVPPjfNIGih7Q,Taste,Sabrina Carpenter,157279,2024-08-23,2024,94,False,0.101,0.674,0.907,0.0,0.297,-4.086,0.064,112.964,0.721,1,3
277,2262bWmqomIaJXwCRHr13j,Sailor Song,Gigi Perez,211978,2024-07-26,2024,92,False,0.682,0.494,0.413,6.72e-05,0.193,-10.432,0.0254,94.938,0.273,1,11
278,2HRqTpkrJO5ggZyyK6NPWz,Espresso,Sabrina Carpenter,175459,2024-08-23,2024,88,True,0.131,0.699,0.776,5.36e-06,0.205,-5.282,0.0293,103.963,0.708,1,0
279,0WbMK4wrZ1wFSty9F7FCgu,"Good Luck, Babe!",Chappell Roan,218423,2024-04-05,2024,94,False,0.0502,0.7,0.582,0.0,0.0881,-5.96,0.0356,116.712,0.785,0,11
280,3QaPy1KgI7nu9FJEQUgn6h,WILDFLOWER,Billie Eilish,261466,2024-05-17,2024,92,False,0.612,0.467,0.247,0.000271,0.17,-12.002,0.0431,148.101,0.126,0,6
281,1QoyuMHNBe7lg3YW4Qtll4,St. Chroma (feat. Daniel Caesar),"Tyler, The Creator, Daniel Caesar",197019,2024-10-28,2024,89,True,0.357,0.576,0.884,0.0,0.368,-5.058,0.555,150.45,0.373,1,0
282,0xGQTpN4ESETtl1Sp6rzd2,S√£o Paulo (feat. Anitta),"The Weeknd, Anitta",301623,2024-10-31,2024,82,True,0.0412,0.574,0.659,0.0002,0.0921,-7.377,0.0768,127.347,0.506,0,5
283,1Es7AUAhQvapIcoh3qMKDL,Timeless (with Playboi Carti),"The Weeknd, Playboi Carti",256000,2024-09-27,2024,92,True,0.0584,0.769,0.722,2.56e-06,0.111,-5.485,0.0507,119.973,0.57,0,11
284,6WatFBLVB0x077xWeoVc2k,Si Antes Te Hubiera Conocido,KAROL G,195824,2024-06-21,2024,93,False,0.446,0.924,0.668,0.000594,0.0678,-6.795,0.0469,128.027,0.787,1,11
285,3xkHsmpQCBMytMJNiDf3Ii,Beautiful Things,Benson Boone,180304,2024-04-05,2024,89,False,0.151,0.472,0.471,0.0,0.14,-5.692,0.0603,105.029,0.219,1,10
286,2tHwzyyOLoWSFqYNjeVMzj,Please Please Please,Sabrina Carpenter,186365,2024-08-23,2024,87,True,0.257,0.675,0.586,0.0,0.104,-6.086,0.0531,107.015,0.621,1,9
287,3hRV0jL3vUpRrcy398teAU,The Night We Met,Lord Huron,208211,2015-04-06,2015,88,False,0.968,0.448,0.369,0.272,0.638,-9.514,0.0452,174.097,0.0998,1,9
288,5O2P9iiztwhomNh8xkR9lJ,Night Changes,One Direction,226600,2014-11-17,2014,90,False,0.859,0.672,0.52,0.0,0.115,-7.747,0.0353,120.001,0.37,1,8
289,2QjOHCTQ1Jl3zawyYOpxh6,Sweater Weather,The Neighbourhood,240400,2013-04-22,2013,90,False,0.0495,0.612,0.807,0.0177,0.101,-2.81,0.0336,124.053,0.398,1,10
290,7KA4W4McWYRpgf0fWsJZWB,See You Again (feat. Kali Uchis),"Tyler, The Creator, Kali Uchis",180386,2017-07-21,2017,89,True,0.371,0.558,0.559,7.49e-06,0.109,-9.222,0.0959,78.558,0.62,1,6
291,51rfRCiUSvxXlCSCfIztBy,"I Love You, I'm Sorry",Gracie Abrams,157146,2024-06-21,2024,90,True,0.656,0.53,0.406,0.0,0.133,-7.507,0.033,115.94,0.338,1,10
292,17phhZDn6oGtzMe56NuWvj,Lose Control,Teddy Swims,210688,2023-09-15,2023,89,False,0.199,0.561,0.604,1.9e-05,0.104,-4.409,0.0337,159.92,0.242,1,9
293,3w3y8KPTfNeOKPiqUTakBh,Locked out of Heaven,Bruno Mars,233478,2012-12-07,2012,88,False,0.049,0.726,0.698,0.0,0.309,-4.165,0.0431,143.994,0.867,1,5
294,3yDRcs0Y4pPzkvMbUfeF9H,Moonlit Floor (Kiss Me),LISA,155757,2024-10-03,2024,90,False,0.128,0.733,0.786,0.0,0.31,-3.951,0.112,109.954,0.672,0,5
295,3tFed7YsjGnIfxeLEQwx3R,"Sticky (feat. GloRilla, Sexyy Red & Lil Wayne)","Tyler, The Creator, GloRilla, Sexyy Red, Lil Wayne",255915,2024-10-28,2024,86,True,0.285,0.505,0.812,0.0,0.444,-3.986,0.461,80.09,0.664,1,1
296,1UHS8Rf6h5Ar3CDWRd3wjF,Bed Chem,Sabrina Carpenter,171869,2024-08-23,2024,91,False,0.0678,0.739,0.727,0.0,0.104,-5.968,0.0426,94.99,0.676,0,11
297,5XeFesFbtLpXzIVDNQP22n,I Wanna Be Yours,Arctic Monkeys,183956,2013-09-09,2013,90,False,0.136,0.464,0.417,0.022,0.0974,-9.345,0.0256,67.528,0.479,0,0
298,6X6m4xmdFcz31p1h7Qg68c,EL LOKERON,Tito Double P,145473,2024-08-22,2024,89,True,0.573,0.724,0.689,6.77e-06,0.0922,-7.174,0.0524,120.208,0.936,0,7
299,0VaeksJaXy5R1nvcTMh3Xk,"Darling, I (feat. Teezo Touchdown)","Tyler, The Creator, Teezo Touchdown",253834,2024-10-28,2024,87,True,0.36,0.373,0.818,0.0,0.434,-3.19,0.102,97.571,0.361,0,3
300,3AJwUDP919kvQ9QcozQPxg,Yellow,Coldplay,266773,2000-07-10,2000,88,False,0.00239,0.429,0.661,0.000121,0.234,-7.227,0.0281,173.372,0.285,1,11
301,2CspwnypzT7rcWI9RfsoSb,Mantra,JENNIE,136627,2024-10-10,2024,89,True,0.00434,0.894,0.725,1.15e-05,0.0815,-4.984,0.0432,116.988,0.838,0,10
302,5lKFO0PrOC9jmOlPEdjHsL,DOS D√çAS,"Tito Double P, Peso Pluma",153928,2024-08-22,2024,88,True,0.783,0.745,0.513,0.0,0.216,-9.116,0.087,109.935,0.929,1,1
303,7CyPwkp0oE8Ro9Dd5CUDjW,"One Of The Girls (with JENNIE, Lily Rose Depp)","The Weeknd, JENNIE, Lily-Rose Depp",244684,2023-06-23,2023,90,False,0.0393,0.264,0.64,2.31e-06,0.151,-6.221,0.0442,84.828,0.19,1,8
304,2osJCvi2zzebMQTc7vvcAm,Just the Way You Are,Bruno Mars,220734,2019-11-22,2019,53,False,0.0134,0.635,0.841,0.0,0.0622,-5.379,0.0422,109.021,0.424,1,5
305,2PnlsTsOTLE5jnBnNe2K0A,The Emptiness Machine,Linkin Park,190427,2024-09-05,2024,90,True,0.0156,0.466,0.872,0.0,0.121,-3.344,0.0336,184.115,0.806,1,7
306,0KKkJNfGyhkQ5aFogxQAPU,That's What I Like,Bruno Mars,206693,2016-11-17,2016,86,False,0.013,0.853,0.56,0.0,0.0944,-4.961,0.0406,134.066,0.86,1,1
307,6jbYpRPTEFl1HFKHk1IC0m,Like Him (feat. Lola Young),"Tyler, The Creator, Lola Young",278014,2024-10-28,2024,84,True,0.287,0.392,0.555,0.000253,0.13,-6.707,0.039,96.063,0.191,0,4
308,19XpFsce28aByvCC4g89tJ,Too Sweet,Hozier,251424,2024-08-19,2024,84,False,0.041,0.74,0.643,0.00229,0.0407,-5.446,0.0413,117.025,0.96,1,10
309,5fZJQrFKWQLb7FpJXZ1g7K,A Bar Song (Tipsy),Shaboozey,171291,2024-05-31,2024,85,True,0.072,0.722,0.706,0.0,0.067,-4.857,0.0292,80.969,0.599,1,9
310,5RePVWy39tLpHH0WwXgBsK,Rah Tah Tah,"Tyler, The Creator",165412,2024-10-28,2024,86,True,0.00289,0.661,0.878,0.0,0.381,-4.099,0.31,82.557,0.514,1,1
311,3qhlB30KknSejmIvZZLjOD,End of Beginning,Djo,159245,2022-09-16,2022,89,False,0.0351,0.689,0.454,0.00259,0.0707,-7.643,0.0584,159.982,0.912,1,2
312,0Sr7ssScx54yxdM2ols7nW,Q U E V A S H A C E R H O Y ?,"Omar Courtz, De La Rose",224022,2024-09-20,2024,89,True,0.103,0.56,0.681,0.0,0.106,-6.304,0.244,155.079,0.388,0,6
313,42VsgItocQwOQC3XWZ8JNA,FE!N (feat. Playboi Carti),"Travis Scott, Playboi Carti",191700,2023-07-28,2023,89,True,0.0316,0.569,0.882,0.0,0.142,-2.777,0.06,148.038,0.201,0,3
314,0qeIFEGRQqHoaJtLCl0U73,DEGENERE üëë (feat. benny blanco),"Myke Towers, benny blanco",130880,2024-10-17,2024,80,True,0.0501,0.744,0.709,0.0,0.0847,-5.778,0.284,194.055,0.712,0,6
315,1XBYiRV30ykHw5f4wm6qEn,NIGHTS LIKE THIS,The Kid LAROI,86983,2023-11-10,2023,88,False,0.0137,0.482,0.757,0.0016,0.143,-4.586,0.0355,142.579,0.12,1,6
316,2uXlHCUbq9OMUwx3hrk06o,Riptide,Vance Joy,204280,2014-08-05,2014,85,False,0.436,0.483,0.731,0.0,0.151,-6.696,0.0381,101.654,0.484,1,1
317,6s1kzj4EbhFLXbuAGJbhbn,Barbie,"MC Tuto, DJ Glenner",192755,2024-10-18,2024,83,False,0.711,0.955,0.425,0.0,0.101,-8.242,0.43,127.032,0.716,0,3
318,4OLT65TRsOx3Iv1TlCcQVb,Presidente,"Gabito Ballesteros, Natanael Cano, Luis R Conriquez, Neton Vega",181064,2024-10-21,2024,82,True,0.123,0.732,0.827,0.0,0.117,-4.152,0.0585,105.145,0.584,1,11
319,51ZQ1vr10ffzbwIjDCwqm4,we can't be friends (wait for your love),Ariana Grande,228639,2024-03-08,2024,86,False,0.0615,0.645,0.646,3.04e-05,0.074,-8.334,0.0427,115.842,0.295,1,5
